Topic,Words,Frequency,Timestamp
-1,"cette, comme, aussi, tout, fait",315,2024-04-15 21:50:24
0,"ps, mr, gouvernement, partis, ps ecolo",55,2024-04-15 21:50:24
1,"festival, avril, rue, artistes, art",40,2024-04-15 21:50:24
2,"barça, match, manhay, harre manhay, euro",7,2024-04-15 21:50:24
3,"tour, liège, pogacar, étape, course",38,2024-04-15 21:50:24
4,"ukraine, russe, russie, russes, défense",32,2024-04-15 21:50:24
5,"album, groupe, rock, musique, chanteur",36,2024-04-15 21:50:24
6,"film, cinéma, comme, roman, fait",35,2024-04-15 21:50:24
7,"gaza, israël, hamas, palestiniens, guerre",18,2024-04-15 21:50:24
8,"jeu, jeux, vidéo, fallout, joueurs",27,2024-04-15 21:50:24
9,"jeux, olympique, olympiques, jeux olympiques, athlètes",24,2024-04-15 21:50:24
10,"garros, terre battue, battue, tournoi, terre",7,2024-04-15 21:50:24
11,"police, enquête, deux, victimes, terroriste",20,2024-04-15 21:50:24
12,"course sprint, course, sprint, f1, ferrari",19,2024-04-15 21:50:24
13,"batteries, déficit, euros, piles batteries, milliards",8,2024-04-15 21:50:24
14,"travaux, chantier, léonard, train, circulation",20,2024-04-15 21:50:24
15,"températures, météo, nuages, ciel, après midi",10,2024-04-15 21:50:24
16,"concours, lise, violoncelle, violon, orchestre",3,2024-04-15 21:50:24
17,"asperges, beurre, recette, huile, œufs",9,2024-04-15 21:50:24
18,"logements, quartier, projet, immobilier, bureaux",12,2024-04-15 21:50:24
19,"rwanda, rwandais, soudan, conflit, humanitaire",8,2024-04-15 21:50:24
20,"écouteurs, oreille, données, oreille interne, cancer",9,2024-04-15 21:50:24
21,"cocaïne, police, drogue, reconnaissance faciale, faciale",10,2024-04-15 21:50:24
22,"eurovision, concours eurovision, party over, voice belgique, before the",1,2024-04-15 21:50:24
23,"école, élèves, bateliers, enseignement, enseignants",5,2024-04-15 21:50:24
24,"rallye, neuville, hyundai, wrc, championnat",16,2024-04-15 21:50:24
25,"madrid, real madrid, champions, ligue champions, ligue",11,2024-04-15 21:50:24
26,"sorcellerie, autonomie, intelligence artificielle, artificielle, intelligence",6,2024-04-15 21:50:24
27,"frelon, oiseaux, nid, baleines, asiatique",6,2024-04-15 21:50:24
28,"bruges, club, brugeois, match, club bruges",12,2024-04-15 21:50:24
29,"trou noir, étoile, noir, orbite, mission",7,2024-04-15 21:50:24
30,"fleurs, jardin, jardins, plantes, muguet",6,2024-04-15 21:50:24
31,"apple, samsung, windows, applications, application",6,2024-04-15 21:50:24
32,"canaries, îles, tourisme, îles canaries, contre tourisme",2,2024-04-15 21:50:24
33,"alain chamfort, alain, guéri, cancer os, religion",2,2024-04-15 21:50:24
34,"riemer, brian riemer, match, mauves, thorgan",7,2024-04-15 21:50:24
35,"musique, florian noack, pianos, piano, tchaïkovski",4,2024-04-15 21:50:24
36,"aéroport, avion, aérien, dubaï, airport",5,2024-04-15 21:50:24
37,"incendie, copenhague, pompiers, bâtiment, secours",6,2024-04-15 21:50:24
38,"trump, donald trump, donald, procès, président",7,2024-04-15 21:50:24
39,"points, saison, playoff, suns, play",5,2024-04-15 21:50:24
41,"club, supporters, metz, league, équipe",3,2024-04-15 21:50:24
42,"inondations, vallées, eau, dégâts, reconstruction",1,2024-04-15 21:50:24
43,"femmes, bifff, film, vampire, féministe",2,2024-04-15 21:50:24
44,"the voice, voice, voice belgique, the, finale",20,2024-04-15 21:50:24
45,"sucre, bébés, produits, aliments, peau",3,2024-04-15 21:50:24
46,"iran, israël, attaque, pétrole, orient",15,2024-04-15 21:50:24
47,"vélos, vélo, cyclistes, louvain neuve, bicyclette",2,2024-04-15 21:50:24
48,"city, manchester, manchester city, guardiola, league",7,2024-04-15 21:50:24
49,"chien, chiens, animal, animaux, caniche",3,2024-04-15 21:50:24
50,"grève, syndicats, bpost, prisons, distribution",5,2024-04-15 21:50:24
51,"grand duc, visite, roi, prince, visite état",3,2024-04-15 21:50:24
52,"vollering, kopecky, lotte kopecky, demi vollering, liège",2,2024-04-15 21:50:24
53,"trump, donald trump, donald, dollars, déclaration",1,2024-04-15 21:50:24
54,"équateur, mexique, ex vice, vice président, ambassade",1,2024-04-15 21:50:24
55,"cactus, jérôme, grand duc, suivez cactus, vendredi radio",2,2024-04-15 21:50:24
56,"kesha, chanteuse, diddy, katy, katy perry",3,2024-04-15 21:50:24
57,"pfas, eau, potable, eau potable, captage",3,2024-04-15 21:50:24
58,"swift, taylor swift, taylor, album, chanteuse",7,2024-04-15 21:50:24
59,"goffin, tableau final, tableau, david goffin, final",1,2024-04-15 21:50:24
-1,"cette, être, comme, tout, aussi",329,2024-04-20 12:00:00
0,"parti, élections, mr, ps, parlement",42,2024-04-20 12:00:00
1,"festival, rue, musée, art, lieu",51,2024-04-20 12:00:00
2,"curaba, salvatore, mertens, but, match",4,2024-04-20 12:00:00
3,"tour, pogacar, liège, étape, der poel",27,2024-04-20 12:00:00
4,"ukraine, russe, russie, russes, kiev",26,2024-04-20 12:00:00
5,"album, groupe, the, rock, musique",35,2024-04-20 12:00:00
6,"film, films, roman, vie, livre",28,2024-04-20 12:00:00
7,"israël, hamas, israélienne, bande gaza, guerre",24,2024-04-20 12:00:00
8,"jeu, jeux, vidéo, studio, jeu vidéo",23,2024-04-20 12:00:00
9,"jeux, olympique, olympiques, paris, jeux olympiques",13,2024-04-20 12:00:00
10,"tournoi, garros, roland garros, madrid, finale",13,2024-04-20 12:00:00
11,"police, victime, corman, meurtre, prison",19,2024-04-20 12:00:00
12,"f1, grand prix, course, ferrari, pilote",10,2024-04-20 12:00:00
13,"impôts, euros, déclaration, contribuables, pension",15,2024-04-20 12:00:00
14,"travaux, métro, chantier, circulation, carrefour",12,2024-04-20 12:00:00
15,"températures, nuages, ciel, après midi, nuageux",10,2024-04-20 12:00:00
17,"asperges, baguette, knorr, pasta, beurre",4,2024-04-20 12:00:00
18,"hôtel, projet, parc, espaces, espaces verts",8,2024-04-20 12:00:00
19,"rwanda, demandeurs asile, migrants, asile, demandeurs",7,2024-04-20 12:00:00
20,"santé, peut, stress, plus, anxiété",9,2024-04-20 12:00:00
21,"port, drogue, trafic, police, cocaïne",11,2024-04-20 12:00:00
22,"eurovision, concours, malmö, finale, concours eurovision",3,2024-04-20 12:00:00
23,"enseignement, enseignants, élèves, étudiants, classes",12,2024-04-20 12:00:00
24,"rallye, neuville, wrc, hyundai, championnat",5,2024-04-20 12:00:00
25,"barça, barcelone, laporta, madrid, club",7,2024-04-20 12:00:00
26,"bitcoin, gps, navigation, chatgpt, intelligence artificielle",4,2024-04-20 12:00:00
27,"frelon, nid, animaux, asiatique, papillons",5,2024-04-20 12:00:00
28,"union, club, antwerp, club bruges, match",10,2024-04-20 12:00:00
29,"spatiale, astronautes, astronaute, station spatiale, station",4,2024-04-20 12:00:00
30,"lilas, fleurs, floraison, jardins, jardin",4,2024-04-20 12:00:00
31,"apple, ios, ipad, vision pro, iphone",8,2024-04-20 12:00:00
32,"voyage, touristes, amazone, expédition, carvajal",6,2024-04-20 12:00:00
33,"décédé, pécheux, ans, âge ans, halle",4,2024-04-20 12:00:00
34,"anderlecht, cercle, bingo, match, riemer",7,2024-04-20 12:00:00
35,"ysaye, graffin, violoniste, violon, eugène ysaye",4,2024-04-20 12:00:00
36,"aéroport, permis, recours, environnement, airport",7,2024-04-20 12:00:00
37,"incendie, pompiers, fumée, sint pieters, pieters leeuw",3,2024-04-20 12:00:00
38,"trump, donald trump, donald, président, harvey weinstein",7,2024-04-20 12:00:00
39,"nba, points, basket, lakers, play offs",8,2024-04-20 12:00:00
40,"guerre, vétérans, guerre trente, conflit, défense",2,2024-04-20 12:00:00
41,"licence, club, n1, d2, tour final",4,2024-04-20 12:00:00
43,"femmes, harcèlement rue, harcèlement, femme, croyances",2,2024-04-20 12:00:00
44,"the voice, voice, voice belgique, the, belgique",20,2024-04-20 12:00:00
45,"nutri, nutri score, consommateurs, aliments, achat",2,2024-04-20 12:00:00
46,"iran, explosion, attaque, missiles, israël",3,2024-04-20 12:00:00
47,"vélo, vélos, qr, volé, code",6,2024-04-20 12:00:00
48,"arsenal, city, manchester, manchester city, premier league",6,2024-04-20 12:00:00
49,"chien, animal, chiens, animaux, animale",3,2024-04-20 12:00:00
50,"grève, bpost, syndicats, journaux, distribution",8,2024-04-20 12:00:00
52,"kopecky, lotte kopecky, vollering, worx, longo borghini",5,2024-04-20 12:00:00
54,"pedro, pedro sánchez, sanchez, pedro sanchez, gouvernement",5,2024-04-20 12:00:00
55,"cactus, vendredi radio, humour suivez, cactus tous, vivacité télé",2,2024-04-20 12:00:00
56,"photo, cheveux, photo ans, femme libérée, caroline margeridon",2,2024-04-20 12:00:00
58,"swift, taylor swift, taylor, album, chanteuse",3,2024-04-20 12:00:00
59,"goffin, david goffin, facundo, dernières victoires, présent poursuivre",1,2024-04-20 12:00:00
-1,"cette, comme, fait, tout, être",200,2024-04-25 00:00:00
0,"parti, électeurs, mr, élections, ps",35,2024-04-25 00:00:00
1,"exposants, brocante, rue, dimanche mai, samedi",30,2024-04-25 00:00:00
2,"euro, diables, arbitre, match, etats membres",7,2024-04-25 00:00:00
3,"tour, étape, tour france, course, coureur",17,2024-04-25 00:00:00
4,"ukraine, russe, russie, russes, ukrainien",19,2024-04-25 00:00:00
5,"album, rock, groupe, the, musique",15,2024-04-25 00:00:00
6,"film, vie, roman, films, cinéma",20,2024-04-25 00:00:00
7,"gaza, israël, hamas, guerre, bande gaza",20,2024-04-25 00:00:00
8,"jeu, jeux, atari, jeu vidéo, jeux vidéo",10,2024-04-25 00:00:00
9,"jeux, olympiques, jeux olympiques, flamme, olympique",10,2024-04-25 00:00:00
10,"nadal, mondial, minaur, madrid, garros",6,2024-04-25 00:00:00
11,"police, prison, instruction, enquête, ans prison",10,2024-04-25 00:00:00
12,"f1, red bull, bull, course, vandoorne",8,2024-04-25 00:00:00
13,"emploi, plus, pécule vacances, taux, moyenne",9,2024-04-25 00:00:00
14,"pont, sncb, circulation, train, vitesse",11,2024-04-25 00:00:00
15,"après midi, ciel, nuages, éclaircies, temps",7,2024-04-25 00:00:00
16,"concours, violon, allegro, sonate, majeur",3,2024-04-25 00:00:00
17,"asperges, pâtes, jambon, beurre, recette",10,2024-04-25 00:00:00
18,"fourneau, projet, reconversion, logements, nom rue",4,2024-04-25 00:00:00
19,"congo, velléités, kenya, minerais, congolais",3,2024-04-25 00:00:00
20,"femmes, peur, symptômes, santé, étude",6,2024-04-25 00:00:00
21,"envirolead, police, trafic, arrêt après, drogue",3,2024-04-25 00:00:00
22,"eurovision, mustii, concours, finale, chanson",3,2024-04-25 00:00:00
23,"wbe, permis unique, travail, pme, enseignants",3,2024-04-25 00:00:00
24,"cherain, reynvoet, rally2, championnat, rallye",1,2024-04-25 00:00:00
25,"madrid, bayern, ligue champions, champions, real madrid",4,2024-04-25 00:00:00
26,"blockchain, intelligence, intelligence artificielle, artificielle, mot passe",7,2024-04-25 00:00:00
27,"zoo, animaux, poussins, abeille, creaves",4,2024-04-25 00:00:00
28,"union, club, genk, sic, club bruges",7,2024-04-25 00:00:00
29,"ascenseurs, canal, hydrauliques, canal centre, ascenseur",1,2024-04-25 00:00:00
30,"fleurs, jardin, plantes, arbres, arbre",6,2024-04-25 00:00:00
31,"apple, applications, iphone, smartphone, processeurs intel",3,2024-04-25 00:00:00
32,"nature, lac, fleuve, alpes, montagne",4,2024-04-25 00:00:00
33,"véronique sanson, sanson, véronique, pneumonie, hospitalisée",1,2024-04-25 00:00:00
34,"anderlecht, standard, cercle, match, mauves",4,2024-04-25 00:00:00
35,"jazz, musiq3 jazz, webradio, webradio musiq3, musiq3",6,2024-04-25 00:00:00
36,"aéroport, bruxellois, airlines, vols, gouvernement bruxellois",3,2024-04-25 00:00:00
37,"cheminées, industriel, patrimoine industriel, cheminée, immeuble",2,2024-04-25 00:00:00
38,"harvey weinstein, weinstein, problèmes, harvey, procès",1,2024-04-25 00:00:00
39,"points, nba, rebonds, points rebonds, denver",3,2024-04-25 00:00:00
41,"yeboah, supporters, balikwisha, club, saint trond",4,2024-04-25 00:00:00
42,"dégâts, rapport expertise, tempête, expertise, assurance",1,2024-04-25 00:00:00
45,"alimentaire, aide alimentaire, précarité, déodorant, alimentation",3,2024-04-25 00:00:00
48,"city, arsenal, manchester, manchester city, premier league",7,2024-04-25 00:00:00
49,"chien, vétérinaire, si chien, causes, allergies",1,2024-04-25 00:00:00
50,"grève, bpost, syndicats, livreurs, préavis grève",4,2024-04-25 00:00:00
51,"pape, patrick, visite, françois, vis",2,2024-04-25 00:00:00
52,"vollering, kopecky, vuelta, demi vollering, worx",2,2024-04-25 00:00:00
53,"joe biden, trump, donald trump, donald, président",1,2024-04-25 00:00:00
54,"pedro, gouvernement, sanchez, socialiste, espagne",2,2024-04-25 00:00:00
55,"cactus, cactus jérôme, cactus tous, télé replay, vivacité télé",3,2024-04-25 00:00:00
56,"spears, britney spears, britney, accord, pris fin",1,2024-04-25 00:00:00
-1,"cette, aussi, comme, tout, être",267,2024-04-29 12:00:00
0,"élections, vote, gouvernement, ministre, mr",37,2024-04-29 12:00:00
1,"festival, rue, lieu, lieu rendez, parcours",33,2024-04-29 12:00:00
2,"joueurs, euro, match, diables, rencontre",9,2024-04-29 12:00:00
3,"tour, giro, pogacar, étape, ita",26,2024-04-29 12:00:00
4,"ukraine, russie, russe, russes, défense",19,2024-04-29 12:00:00
5,"album, rock, groupe, nutopia, musique",18,2024-04-29 12:00:00
6,"film, joan, cinéma, comme, vie",18,2024-04-29 12:00:00
7,"israël, hamas, palestiniens, guerre, bande gaza",29,2024-04-29 12:00:00
8,"jeu, jeux, vidéo, vanguard, riot",13,2024-04-29 12:00:00
9,"jeux, paris, olympiques, mondiaux, olympique",12,2024-04-29 12:00:00
10,"masters, finale, mondial, garros, lehecka",8,2024-04-29 12:00:00
11,"police, meurtre, tenerife, enquête, attaque",14,2024-04-29 12:00:00
12,"senna, f1, course, pilote, ayrton senna",20,2024-04-29 12:00:00
13,"euros, plus, aides, travail, out dépression",9,2024-04-29 12:00:00
14,"bus, tram, ligne tram, trains, circulation",10,2024-04-29 12:00:00
15,"avril, températures, mois, plus, ciel",9,2024-04-29 12:00:00
16,"concours, violon, sonate, concours reine, elisabeth",2,2024-04-29 12:00:00
17,"beurre, asperges, œufs, riz, recette",4,2024-04-29 12:00:00
18,"airbnb, logement, prix médian, logements, moins chères",10,2024-04-29 12:00:00
19,"rwanda, migrants, kivu, kenya, royaume uni",8,2024-04-29 12:00:00
20,"jeune, parents, pédopsychiatre, petites, petits",1,2024-04-29 12:00:00
21,"drogue, drogues, police, trafic, fusillades",6,2024-04-29 12:00:00
22,"eurovision, malmö, concours, finale, chanson",9,2024-04-29 12:00:00
25,"madrid, real madrid, bayern, courtois, champions",8,2024-04-29 12:00:00
26,"noyb, protection données, plainte, protection, association",1,2024-04-29 12:00:00
27,"moustiques, animaux, moutons, espèces, moustique",10,2024-04-29 12:00:00
28,"fiorentina, club, club bruges, brugeois, conference league",10,2024-04-29 12:00:00
29,"lune, spatial, face cachée, spatiale, débris",4,2024-04-29 12:00:00
30,"plantes, fleurs, jardins, jardin, artisans",4,2024-04-29 12:00:00
31,"applications, google, play, utilisateurs, play store",1,2024-04-29 12:00:00
32,"ciudad, bolivar, quartier, tourisme, village",4,2024-04-29 12:00:00
33,"paul auster, paul, mort, brooklyn, new york",2,2024-04-29 12:00:00
34,"anderlecht, riemer, titre, brian riemer, schmeichel",5,2024-04-29 12:00:00
35,"musique, orchestre, piano, pianiste, académies",4,2024-04-29 12:00:00
36,"aéroport, airlines, brussels airlines, émissions, aérien",4,2024-04-29 12:00:00
37,"incendie, pompiers, police, restaurant, bâtiment",4,2024-04-29 12:00:00
38,"trump, donald trump, donald, tribunal, procès",2,2024-04-29 12:00:00
39,"nba, points, minnesota, lakers, denver",5,2024-04-29 12:00:00
40,"chantier, rideau fer, chantier naval, naval, camargue",3,2024-04-29 12:00:00
41,"club, albanese, union belge, inéligible, alessandro",2,2024-04-29 12:00:00
43,"silence, victimes, brise silence, sexuelles, coordinatrice",1,2024-04-29 12:00:00
44,"the voice, voice belgique, voice, emma, sortir quelque",1,2024-04-29 12:00:00
46,"iran, israël, sanctions, iranien, iranienne",2,2024-04-29 12:00:00
47,"vélo, asphalte, vélo électrique, nouveau type, confort",1,2024-04-29 12:00:00
48,"city, arsenal, premier league, manchester, manchester city",4,2024-04-29 12:00:00
49,"chiens, chien, animaux, amazon, vétérinaire",3,2024-04-29 12:00:00
50,"grève, livreurs, uber, uber eats, eats",9,2024-04-29 12:00:00
51,"kate middleton, roi, charles iii, kate, prince william",2,2024-04-29 12:00:00
52,"vollering, longo, longo borghini, vuelta femenina, étape",5,2024-04-29 12:00:00
54,"gouvernement, gouvernement gauche, pedro, cinq jours, espagnol",2,2024-04-29 12:00:00
56,"boum, fait boum, ça fait, fait, ça",1,2024-04-29 12:00:00
57,"pfas, eau, recommandation, supérieur santé, recommandation conseil",1,2024-04-29 12:00:00
58,"swift, taylor swift, taylor, album, can do",2,2024-04-29 12:00:00
59,"david goffin, aix, provence, qualifications, challenger",1,2024-04-29 12:00:00
-1,"comme, aussi, être, peut, mai",226,2024-05-04 00:00:00
0,"ptb, parti, ps, partis, élections",27,2024-05-04 00:00:00
1,"km, lieu, parcours, lieu rendez, rendez",28,2024-05-04 00:00:00
2,"turcs, euro, match, diables rouges, turquie",10,2024-05-04 00:00:00
3,"étape, pogacar, tour, giro, uijtdebroeks",18,2024-05-04 00:00:00
4,"ukraine, russe, russie, russes, chine",28,2024-05-04 00:00:00
5,"album, groupe, rock, mccartney, paul mccartney",14,2024-05-04 00:00:00
6,"film, cinéma, films, femmes, cannes",21,2024-05-04 00:00:00
7,"israël, hamas, rafah, bande gaza, guerre",19,2024-05-04 00:00:00
8,"jeu, jeux, joueurs, pc, playstation",17,2024-05-04 00:00:00
9,"relais, jeux, olympique, médaille, olympiques",12,2024-05-04 00:00:00
10,"garros, roland garros, rome, tournoi, masters",6,2024-05-04 00:00:00
11,"police, prison, couteau, adolescent, homme",15,2024-05-04 00:00:00
12,"f1, course, pilote, max, max verstappen",9,2024-05-04 00:00:00
13,"entreprises, oxfam, égouttage, euros, milliards",5,2024-05-04 00:00:00
14,"tunnel, vitesse, travaux, ring, trains",6,2024-05-04 00:00:00
15,"températures, après midi, temps, ciel, nuages",7,2024-05-04 00:00:00
16,"première épreuve, candidates, concours, candidats, épreuve",5,2024-05-04 00:00:00
17,"donuts, moules, crêpes, moules frites, frites",4,2024-05-04 00:00:00
18,"logements, projet, logement, bureaux, immobilier",6,2024-05-04 00:00:00
19,"cyclone, rwanda, kenya, congo, ong internationales",4,2024-05-04 00:00:00
20,"mode vie, musculaires, étude, stress, mouvements",4,2024-05-04 00:00:00
21,"cocaïne, dealers, nom emprunt, coke, consommateur",1,2024-05-04 00:00:00
22,"eurovision, finale, concours, demi finale, chanson",16,2024-05-04 00:00:00
23,"enseignants, enseignement, manifestants, sages, enseignant",3,2024-05-04 00:00:00
24,"rallye, portugal, rallyes, wrc, hyundai",2,2024-05-04 00:00:00
25,"madrid, real madrid, champions, ancelotti, ligue",4,2024-05-04 00:00:00
26,"internet, inventeurs, internet show, fourmis, show",1,2024-05-04 00:00:00
27,"corbeaux, alpagas, animaux, animal, sacs",4,2024-05-04 00:00:00
28,"bruges, fiorentina, antwerp, club, brugeois",11,2024-05-04 00:00:00
29,"astronautes, vaisseau, spatiale, spacex, capsule",5,2024-05-04 00:00:00
30,"floraison, plante, tulipes, bulbes, plants",2,2024-05-04 00:00:00
31,"apple, ipad, téléphone, iphone, keynote",7,2024-05-04 00:00:00
32,"rails, trains, philippe, voyageurs, nouvelle voie",1,2024-05-04 00:00:00
33,"décédé, stella, âge ans, décédée, henry gendebien",5,2024-05-04 00:00:00
34,"anderlecht, union, club, match, union saint",7,2024-05-04 00:00:00
35,"schumann, mendelssohn, sous direction, felix mendelssohn, robert schumann",2,2024-05-04 00:00:00
36,"vols, aéroport, vols nuit, airport, aéroport bruxelles",4,2024-05-04 00:00:00
37,"incendie, étages, walter derieuw, deuxième étage, cinq étages",1,2024-05-04 00:00:00
38,"trump, donald trump, donald, stormy daniels, daniels",2,2024-05-04 00:00:00
39,"wembanyama, rookie, spurs, récompense, français",1,2024-05-04 00:00:00
40,"soldats, guerre, débarquement, guerre mondiale, normandie",10,2024-05-04 00:00:00
41,"club, joueurs, ivan, situation, liégeois",4,2024-05-04 00:00:00
43,"excision, écoles, polygamie, écoles aborder, mutilations sexuelles",2,2024-05-04 00:00:00
46,"iran, nucléaire, nucléaire iranien, ispahan, programme nucléaire",2,2024-05-04 00:00:00
47,"vélo, vélos, deux roues, cyclistes, équilibre",4,2024-05-04 00:00:00
48,"manchester, premier league, palace, league, city",1,2024-05-04 00:00:00
49,"chien, chiens, os mose, chiens assistance, animal",3,2024-05-04 00:00:00
50,"grève, prisons, préavis grève, préavis, syndicat",4,2024-05-04 00:00:00
51,"prêtres, église, basilique, chaldéenne, paroissiens",2,2024-05-04 00:00:00
52,"vollering, étape, demi vollering, néerlandaise, dernière étape",1,2024-05-04 00:00:00
53,"bernie sanders, joe biden, trump, bernie, républicain",2,2024-05-04 00:00:00
55,"cactus, martin charlier, humour suivez, vendredi radio, vivacité télé",1,2024-05-04 00:00:00
56,"rio, madonna, plage, concert gratuit, concert",1,2024-05-04 00:00:00
57,"pfas, plante, contaminés, zone secours, industriel",1,2024-05-04 00:00:00
58,"taylor, swift, taylor swift, thomas pesquet, concert",1,2024-05-04 00:00:00
59,"david goffin, zizou bergs, zizou, éliminé dès, challenger",1,2024-05-04 00:00:00
-1,"tout, comme, fait, deux, ans",179,2024-05-08 12:00:00
0,"mr, élections, politique, ministre, partis",20,2024-05-08 12:00:00
1,"festival, musée, exposition, artistes, rue",25,2024-05-08 12:00:00
2,"euro, diables, diables rouges, suisse, hasard",8,2024-05-08 12:00:00
3,"étape, pogacar, giro, tour, coureurs",16,2024-05-08 12:00:00
4,"ukraine, russe, russie, russes, guerre",27,2024-05-08 12:00:00
5,"album, groupe, musique, rock, chanson",18,2024-05-08 12:00:00
6,"film, roman, roman noir, festival cannes, noir",15,2024-05-08 12:00:00
7,"israël, gaza, hamas, rafah, israélienne",31,2024-05-08 12:00:00
8,"jeux, jeu, vidéo, jeux vidéo, microsoft",13,2024-05-08 12:00:00
9,"olympiques, jeux olympiques, olympique, athlètes, flamme",8,2024-05-08 12:00:00
10,"rome, tournoi, nadal, garros, roland garros",8,2024-05-08 12:00:00
11,"police, fonseca, enquête, harcèlement, samantha",6,2024-05-08 12:00:00
12,"course, spa, f1, vandoorne, ferrari",12,2024-05-08 12:00:00
13,"euros, économiste, taux, salaires, déchets",6,2024-05-08 12:00:00
14,"léonard, carrefour léonard, ring, carrefour, bruxelles",5,2024-05-08 12:00:00
15,"ciel, températures, après midi, nuages, temps",10,2024-05-08 12:00:00
16,"concours, violon, elisabeth, concours reine, reine",19,2024-05-08 12:00:00
17,"petits pois, œuf, mayonnaise, œufs, huile",5,2024-05-08 12:00:00
18,"logements, parking, logement, wallonie, accès logement",3,2024-05-08 12:00:00
19,"rwanda, minerais, irlande nord, irlande, asile",5,2024-05-08 12:00:00
20,"thérapie, thérapie génique, génique, rougissement, émotions",2,2024-05-08 12:00:00
21,"cocaïne, trafic, police, drogue, drogues",3,2024-05-08 12:00:00
22,"eurovision, finale, concours, malmö, demi finale",49,2024-05-08 12:00:00
24,"rallye, neuville, portugal, hyundai, wrc",23,2024-05-08 12:00:00
25,"madrid, real madrid, ligue champions, champions, courtois",5,2024-05-08 12:00:00
26,"chatgpt, openai, google, intelligence, intelligence artificielle",6,2024-05-08 12:00:00
27,"pollen, œufs, plage, calamars, pollens",3,2024-05-08 12:00:00
28,"union, antwerp, coupe, club, coupe belgique",11,2024-05-08 12:00:00
30,"feuillage, plante, couleurs, plantes, jardin",1,2024-05-08 12:00:00
31,"apple, ipad, publicité, ipad pro, pro",1,2024-05-08 12:00:00
32,"mexico, nomades, nomades digitaux, airbnb, digitaux",4,2024-05-08 12:00:00
34,"anderlecht, riemer, genk, brian riemer, sporting",5,2024-05-08 12:00:00
35,"violon, violoniste, jazz, concerto, salzbourg",3,2024-05-08 12:00:00
36,"aéroport, passagers, sénégal, gestionnaire, aérienne",4,2024-05-08 12:00:00
37,"incendie, réservoir, thaïlande, coups feu, chaussée ninove",2,2024-05-08 12:00:00
38,"trump, donald trump, donald, michael cohen, cohen",2,2024-05-08 12:00:00
39,"nba, points, nuggets, denver, minnesota",5,2024-05-08 12:00:00
40,"tide, storm, mons tournai, basse altitude, régiment",1,2024-05-08 12:00:00
41,"club, supporters, westerlo, partners, joueurs",8,2024-05-08 12:00:00
42,"walhain, modèles, commune, inondations, orage",2,2024-05-08 12:00:00
43,"femmes, sexuelles, deborah robertis, robertis, violences",1,2024-05-08 12:00:00
45,"sérum, zinc, produits, acide hyaluronique, hyaluronique",4,2024-05-08 12:00:00
46,"iran, navire, libération, israël, membres",1,2024-05-08 12:00:00
47,"vélo, vélos, cyclistes, cycliste, chauffeurs",5,2024-05-08 12:00:00
48,"manchester, premier league, arsenal, manchester city, bruyne",4,2024-05-08 12:00:00
49,"animaux, chien, manado, chiens, bénévole",1,2024-05-08 12:00:00
50,"grève, smedt, détenus, préavis grève, prisons",1,2024-05-08 12:00:00
51,"princesse, patrick, études, princesse belge, palais",1,2024-05-08 12:00:00
52,"worx, worx protime, étape, néerlandaise, tour",1,2024-05-08 12:00:00
53,"haley, trump, donald trump, biden, rivale",1,2024-05-08 12:00:00
54,"carles puigdemont, pedro, indépendantistes, espagne, espagnol",6,2024-05-08 12:00:00
58,"swift, taylor swift, taylor, fosse, fans",1,2024-05-08 12:00:00
59,"goffin, tableau final, final, david goffin, forfaits",1,2024-05-08 12:00:00
60,"liste, dossiers, plaintes, ombudsfin, service médiation",1,2024-05-08 12:00:00
-1,"cette, être, aussi, comme, tout",282,2024-05-13 00:00:00
0,"partis, parti, politique, mr, élections",46,2024-05-13 00:00:00
1,"festival, parcours, rue, lieu, lieu rendez",42,2024-05-13 00:00:00
2,"euro, diables, match, joueurs, football",14,2024-05-13 00:00:00
3,"étape, giro, tour, course, pogacar",26,2024-05-13 00:00:00
4,"ukraine, russe, russie, russes, vladimir",27,2024-05-13 00:00:00
5,"album, groupe, rock, musique, danyl",27,2024-05-13 00:00:00
6,"film, cinéma, festival, festival cannes, comme",38,2024-05-13 00:00:00
7,"gaza, israël, hamas, palestiniens, israélienne",23,2024-05-13 00:00:00
8,"jeu, jeux, vidéo, jeu vidéo, joueurs",21,2024-05-13 00:00:00
9,"olympiques, jeux, jeux olympiques, hannes van, olympique",8,2024-05-13 00:00:00
10,"garros, roland garros, djokovic, nadal, finale",7,2024-05-13 00:00:00
11,"police, homme, deux, attaque, source",18,2024-05-13 00:00:00
12,"f1, pilote, grand prix, max verstappen, ferrari",14,2024-05-13 00:00:00
13,"euros, emploi, consommation, électricité, belgique",9,2024-05-13 00:00:00
14,"travaux, circulation, tram, chantier, autoroute",16,2024-05-13 00:00:00
15,"après midi, températures, météo, ciel, matin",16,2024-05-13 00:00:00
16,"violon, concerto, sonate, reine elisabeth, majeur",26,2024-05-13 00:00:00
17,"pâtes, cuisson, pâte, lait, qualité",6,2024-05-13 00:00:00
18,"locataires, projet, quartier, logements, déménagement",9,2024-05-13 00:00:00
19,"rwanda, rwandais, kigali, génocide, accusé",2,2024-05-13 00:00:00
20,"confiance soi, confiance, psychiatre, docteur frédéric, affirmation",2,2024-05-13 00:00:00
21,"drogue, police, drogues, trafic, justice",8,2024-05-13 00:00:00
22,"eurovision, concours, concours eurovision, joost, chanson",5,2024-05-13 00:00:00
23,"élèves, école, école secondaire, enseignement, écoles",7,2024-05-13 00:00:00
25,"champions, finale, courtois, madrid, coupe",6,2024-05-13 00:00:00
26,"openai, chatgpt, intelligence artificielle, artificielle, meta",7,2024-05-13 00:00:00
27,"espèce, cigognes, nid, espèces, oiseaux",5,2024-05-13 00:00:00
29,"univers, lune, spatiale, plasma, propulseur",5,2024-05-13 00:00:00
30,"jardin, plantes, jardins, fleurs, abeilles",10,2024-05-13 00:00:00
31,"apple, ipad, android, iphone, photos",5,2024-05-13 00:00:00
32,"corse, île, monnaie locale, ville, monnaie",6,2024-05-13 00:00:00
33,"jefferson, john, jodie, ans, airplane",5,2024-05-13 00:00:00
34,"anderlecht, bruges, riemer, titre, brian riemer",7,2024-05-13 00:00:00
35,"violon, jazz, orchestre, compositeur, symphonique",5,2024-05-13 00:00:00
36,"aéroport, permis, nouveau permis, nouvel aéroport, aéroport charleroi",4,2024-05-13 00:00:00
39,"nba, points, nuggets, wnba, minnesota",6,2024-05-13 00:00:00
41,"club, partners, supporters, ostende, kvo",10,2024-05-13 00:00:00
42,"inondations, eau, cours eau, rivière, walhain",5,2024-05-13 00:00:00
43,"femmes, sexuelles, copperfield, violences, david copperfield",5,2024-05-13 00:00:00
45,"maladies cardiovasculaires, cardiovasculaires, consommation sel, maladies, consommation",1,2024-05-13 00:00:00
47,"vélo, quiévrain, athénée royal, vélos, athénée",2,2024-05-13 00:00:00
48,"city, manchester, premier league, manchester city, league",7,2024-05-13 00:00:00
49,"chiens, chien, animaux, chats, cimetières",4,2024-05-13 00:00:00
50,"agents, grève, pénitentiaires prison, prison marche, agression",1,2024-05-13 00:00:00
51,"portrait, charles, roi, charles iii, roi charles",4,2024-05-13 00:00:00
52,"vollering, tour burgos, burgos, demi vollering, maillot leader",1,2024-05-13 00:00:00
53,"biden, commissions, républicains, procureur spécial, déposition",1,2024-05-13 00:00:00
54,"indépendantistes, pedro, amnistie, veto, carles puigdemont",1,2024-05-13 00:00:00
55,"kiki, télé replay, vivacité télé, cactus tous, vendredi radio",3,2024-05-13 00:00:00
56,"rock icons, icons, patti smith, rock, smith",1,2024-05-13 00:00:00
57,"pfas, assainissement, pollution, toxiques, substances",2,2024-05-13 00:00:00
58,"vibrato, swift, taylor swift, gaga, taylor",3,2024-05-13 00:00:00
59,"goffin, david goffin, challenger, tour, match journée",1,2024-05-13 00:00:00
-1,"ans, tout, comme, fait, être",210,2024-05-17 12:00:00
0,"droite, mr, parti, partis, élections",30,2024-05-17 12:00:00
1,"km, festival, musée, lieu rendez, lieu",20,2024-05-17 12:00:00
2,"euro, match, diables, joueurs, diables rouges",13,2024-05-17 12:00:00
3,"étape, tour, pogacar, giro, coureurs",27,2024-05-17 12:00:00
4,"ukraine, russie, russe, russes, guerre",21,2024-05-17 12:00:00
5,"album, rock, groupe, musique, vinyle",18,2024-05-17 12:00:00
6,"film, réalisateur, eon, roman, amour",18,2024-05-17 12:00:00
7,"gaza, israël, hamas, palestinien, guerre",24,2024-05-17 12:00:00
8,"jeu, jeux, vidéo, jeux vidéo, studio",22,2024-05-17 12:00:00
9,"jeux, record, olympiques, jeux olympiques, athlètes",12,2024-05-17 12:00:00
10,"garros, roland garros, tournoi, chelem, grand chelem",8,2024-05-17 12:00:00
11,"police, parquet, gilbert, enquête, cour",9,2024-05-17 12:00:00
12,"f1, max verstappen, max, grand prix, course",15,2024-05-17 12:00:00
13,"déclaration, travail, travailleurs, plus, heures",8,2024-05-17 12:00:00
14,"infrabel, tram, passage niveau, ferroviaire, bus",10,2024-05-17 12:00:00
15,"après midi, ciel, températures, degrés, nuages",11,2024-05-17 12:00:00
16,"concours, concerto, reine elisabeth, elisabeth, reine",5,2024-05-17 12:00:00
17,"recette, huile, lait, cuisson, pizza",7,2024-05-17 12:00:00
18,"magasiniers, emploi, palais, caristes, permis",3,2024-05-17 12:00:00
19,"vital kamerhe, kamerhe, kinshasa, vital, congolais",2,2024-05-17 12:00:00
20,"calvitie, peut, patients, gènes, souvent",6,2024-05-17 12:00:00
21,"cocaïne, drogue, police, rend compte, continuer consommer",1,2024-05-17 12:00:00
22,"nemo, eurovision, concours eurovision, concours, non binaire",1,2024-05-17 12:00:00
23,"école, élèves, écoles, éducateurs, enseignement",4,2024-05-17 12:00:00
25,"oaktree, milan, cagliari, club, claudio",3,2024-05-17 12:00:00
26,"internet, internet show, réseaux, handicap, alan turing",2,2024-05-17 12:00:00
27,"lynx, abeilles, carnivores, miel, plantes",6,2024-05-17 12:00:00
28,"antwerp, cercle, genk, club, georges leekens",2,2024-05-17 12:00:00
29,"spatiale, espace, satellites, satellite, agence spatiale",5,2024-05-17 12:00:00
30,"plantes, jardin, jardins, fraises, arum titan",6,2024-05-17 12:00:00
31,"apple, android, iphone, google, appareil",6,2024-05-17 12:00:00
32,"marais, dominicaine, saint omer, république dominicaine, philippe",4,2024-05-17 12:00:00
33,"coleman, brabant wallon, brabant, braine alleud, âge ans",2,2024-05-17 12:00:00
34,"anderlecht, riemer, match, brian riemer, club",13,2024-05-17 12:00:00
35,"brahms, symphonie, violons, naît, larges",1,2024-05-17 12:00:00
36,"aéroport, calédonie, nouvelle calédonie, ryanair, nouméa",6,2024-05-17 12:00:00
38,"trump, donald trump, donald, ancien président, président",2,2024-05-17 12:00:00
39,"nba, points, indiana, rebonds, knicks",4,2024-05-17 12:00:00
40,"tide, évacuer, storm, ressortissants, armée",1,2024-05-17 12:00:00
41,"club, supporters, partners, gantoise, situation",5,2024-05-17 12:00:00
42,"inondations, eau, commune, intempéries, samedi",11,2024-05-17 12:00:00
43,"femmes, virginité, sexualité, sexologue, hommes",3,2024-05-17 12:00:00
46,"iran, président, iranien, hélicoptère, israël",5,2024-05-17 12:00:00
47,"vélo, tracé, projet, cyclistes, inondations",1,2024-05-17 12:00:00
48,"city, manchester, guardiola, premier league, manchester city",9,2024-05-17 12:00:00
49,"animal, être animal, animaux, chien, trois ministres",1,2024-05-17 12:00:00
50,"prisons, grève, personnel, syndicats, détenus",1,2024-05-17 12:00:00
51,"pape, middleton, kate, palais, princesse",2,2024-05-17 12:00:00
53,"biden, joe biden, trump, donald trump, armes feu",1,2024-05-17 12:00:00
54,"milei, pedro, espagne, espagnol, argentin",1,2024-05-17 12:00:00
55,"cactus, secret story, vivacité télé, cactus tous, humour suivez",2,2024-05-17 12:00:00
59,"goffin, david goffin, tableau final, roland garros, garros",2,2024-05-17 12:00:00
-1,"comme, tout, ans, fait, aussi",224,2024-05-22 00:00:00
0,"mr, vote, élections, partis, président",36,2024-05-22 00:00:00
1,"festival, art, artistes, musée, bruxelles",26,2024-05-22 00:00:00
2,"euro, besiktas, match, diables, rugby",7,2024-05-22 00:00:00
3,"étape, tour, pogacar, giro, van aert",21,2024-05-22 00:00:00
4,"ukraine, russie, russe, russes, kharkiv",34,2024-05-22 00:00:00
5,"album, rock, west, rap, coast",16,2024-05-22 00:00:00
6,"film, festival cannes, films, cinéma, comme",26,2024-05-22 00:00:00
7,"gaza, israël, hamas, bande gaza, guerre",26,2024-05-22 00:00:00
8,"jeu, jeux, studio, jeux vidéo, playstation",13,2024-05-22 00:00:00
9,"record, jeux, paris, olympiques, jeux olympiques",9,2024-05-22 00:00:00
10,"garros, roland garros, tournoi, tour, chelem",20,2024-05-22 00:00:00
11,"police, victime, meurtre, enquête, musée",14,2024-05-22 00:00:00
12,"f1, grand prix, verstappen, course, pilote",17,2024-05-22 00:00:00
13,"impôt, diplôme, tax, euros, spf finances",13,2024-05-22 00:00:00
14,"travaux, circulation, infrabel, trafic, trains",5,2024-05-22 00:00:00
15,"températures, après midi, ciel, nuages, temps",6,2024-05-22 00:00:00
16,"concours, finalistes, violon, finale concours, finale",1,2024-05-22 00:00:00
17,"testachats, fruits, barbecues, os moelle, test",4,2024-05-22 00:00:00
18,"basilique, logement, euros, chantier, commune",3,2024-05-22 00:00:00
19,"génocide, bosnie, serbes, rwanda, rohingyas",9,2024-05-22 00:00:00
20,"cerveau, cognitives, physique, compliments, radiothérapie",5,2024-05-22 00:00:00
21,"police, drogue, cocaïne, trafic, stupéfiants",7,2024-05-22 00:00:00
22,"eurovision, slimane, grand cactus, finale, concours eurovision",2,2024-05-22 00:00:00
25,"ligue, champions, club, ligue champions, entraîneur",4,2024-05-22 00:00:00
26,"image, artistes, générative, images, ia générative",3,2024-05-22 00:00:00
27,"sanglier, lynx, poisson, espèce, bruxelles environnement",3,2024-05-22 00:00:00
28,"club, union, club bruges, cercle, saison",7,2024-05-22 00:00:00
29,"lune, spatiale, espace, pleine lune, télescope",7,2024-05-22 00:00:00
30,"jardin, plantes, jardins, jardinage, cabane jardin",3,2024-05-22 00:00:00
31,"apple, photos, émojis, iphone, samsung",4,2024-05-22 00:00:00
32,"tequila, philippe, surtourisme, palma, touristes",3,2024-05-22 00:00:00
33,"jacqueline, size, disney, documentaire, richard",3,2024-05-22 00:00:00
34,"league, mauves, match, union, antwerp",5,2024-05-22 00:00:00
35,"korngold, jazz, regards croisés, croisés, orchestre",3,2024-05-22 00:00:00
37,"incendie, pompiers, important incendie, bâtiment, hangar",3,2024-05-22 00:00:00
39,"nba, points, minnesota, draft, dallas",4,2024-05-22 00:00:00
40,"débarquement, normandie, guerre, militaire, soldats",6,2024-05-22 00:00:00
41,"club, kanga, supporters, seraing, westerlo",3,2024-05-22 00:00:00
42,"cité, immeuble, habitants, drame, cinéastes",1,2024-05-22 00:00:00
43,"femmes, we trust, trust, influenceur, we",3,2024-05-22 00:00:00
44,"helena, the voice, voice, casting, chant",1,2024-05-22 00:00:00
45,"laser, cuillère, épilation, poils, poil",4,2024-05-22 00:00:00
46,"hélicoptère, iran, crash, ebrahim raïssi, ebrahim",3,2024-05-22 00:00:00
47,"vélo, vélos, parkings, nouveaux parkings, université",1,2024-05-22 00:00:00
48,"manchester, united, manchester united, cup, manchester city",1,2024-05-22 00:00:00
49,"chien, bœufs, chiens, animaux, dogecoin",3,2024-05-22 00:00:00
51,"portrait, patrick, pape, prince laurent, prince",3,2024-05-22 00:00:00
52,"kopecky, étape, lorena wiebes, worx, néerlandaise",4,2024-05-22 00:00:00
53,"trump, donald trump, présidentielle, milliardaire, présidentielle américaine",2,2024-05-22 00:00:00
54,"quito, ambassade, diplomatique, pedro, equateur",2,2024-05-22 00:00:00
55,"cactus, luc noël, cactus jérôme, télé, cactus tous",3,2024-05-22 00:00:00
56,"reese, angel, rebonds, chicago sky, caitlin",1,2024-05-22 00:00:00
57,"pfas, eau, pollution, scientifique, polluée",3,2024-05-22 00:00:00
58,"swift, taylor swift, taylor, kevin feige, feige",1,2024-05-22 00:00:00
59,"goffin, david goffin, david, roland garros, garros",1,2024-05-22 00:00:00
-1,"plus, cette, comme, fait, ans",301,2024-05-26 12:00:00
0,"parti, élections, partis, politique, mr",65,2024-05-26 12:00:00
1,"exposants, juin, rue, brocante, dimanche",52,2024-05-26 12:00:00
2,"euro, diables, tedesco, joueurs, match",24,2024-05-26 12:00:00
3,"tour, dauphiné, étape, tour france, pogacar",14,2024-05-26 12:00:00
4,"ukraine, russe, russie, russes, armes",33,2024-05-26 12:00:00
5,"album, rock, musique, groupe, chanson",30,2024-05-26 12:00:00
6,"film, vie, roman, selena, comme",27,2024-05-26 12:00:00
7,"israël, rafah, hamas, israélienne, guerre",32,2024-05-26 12:00:00
8,"jeu, jeux, vidéo, playstation, pc",30,2024-05-26 12:00:00
9,"paris, olympiques, jeux olympiques, olympique, record",10,2024-05-26 12:00:00
10,"garros, roland garros, tour, nadal, tournoi",35,2024-05-26 12:00:00
11,"police, suspects, mandat arrêt, enquête, sous mandat",16,2024-05-26 12:00:00
12,"course, miles, indianapolis, f1, pilote",2,2024-05-26 12:00:00
13,"impôt, impôts, euros, millionnaires, plus",15,2024-05-26 12:00:00
14,"tunnel, travaux, circulation, chantier, tram",13,2024-05-26 12:00:00
15,"températures, météo, ciel, après midi, temps",9,2024-05-26 12:00:00
16,"concours, elisabeth, reine, violon, concerto",26,2024-05-26 12:00:00
17,"sucre, beurre, œufs, thé, chocolat",6,2024-05-26 12:00:00
18,"logement, projet, communal, insalubrité, sans abris",8,2024-05-26 12:00:00
19,"rwanda, rwandais, john williams, journaliste, kigali",6,2024-05-26 12:00:00
20,"empathie, rêves, maladie, inflammation, santé",8,2024-05-26 12:00:00
21,"police, policiers, stupéfiants, brigade, drogue",8,2024-05-26 12:00:00
22,"eurovision, slimane, joost, concours, chanteur français",2,2024-05-26 12:00:00
23,"étudiants, enseignants, enseignement, première année, école",5,2024-05-26 12:00:00
24,"rallye, neuville, sardaigne, hyundai, rallye sardaigne",9,2024-05-26 12:00:00
25,"real, madrid, champions, real madrid, ligue champions",9,2024-05-26 12:00:00
26,"prompt, chatgpt, intelligence artificielle, artificielle, google",8,2024-05-26 12:00:00
27,"baleine, chasse, espèces, galapagos, darwin",6,2024-05-26 12:00:00
28,"bruges, club, club bruges, saison, hayen",9,2024-05-26 12:00:00
29,"satellite, spatiale, agence spatiale, atmosphère, télescope",4,2024-05-26 12:00:00
30,"limaces, jardin, plantes, jardins, plante",5,2024-05-26 12:00:00
31,"apple, ipod, ipad, iphone, applications",5,2024-05-26 12:00:00
32,"fontenoy, napoléon, parfumerie, fleur, paris",2,2024-05-26 12:00:00
33,"fernande, doyenne, binche, ville binche, armand",2,2024-05-26 12:00:00
34,"anderlecht, être champions, thorgan, philippe albert, titre",1,2024-05-26 12:00:00
35,"violon, concerto, musique, orchestre, tchaïkovski",11,2024-05-26 12:00:00
36,"aéroport, bus, aéroport charleroi, passagers, bruit",5,2024-05-26 12:00:00
37,"pompiers, incendie, vietnam, feu, volontaires",4,2024-05-26 12:00:00
38,"trump, donald trump, donald, procès, présidentielle",9,2024-05-26 12:00:00
39,"nba, dallas, minnesota, points, boston",5,2024-05-26 12:00:00
40,"débarquement, soldats, guerre, day, normandie",5,2024-05-26 12:00:00
41,"standard, club, westerlo, conseil disciplinaire, supporters",2,2024-05-26 12:00:00
42,"inondations, eau, walhain, commune, maison repos",5,2024-05-26 12:00:00
43,"femmes, ouvrages, plainte, karla, genre",6,2024-05-26 12:00:00
44,"zazie, alphonse, the voice, voice, voulais",1,2024-05-26 12:00:00
45,"huile poisson, compléments, poisson, huile, santé",6,2024-05-26 12:00:00
46,"iran, nucléaire, présidentielle, ancien président, raïssi",1,2024-05-26 12:00:00
47,"vélo, cyclistes, piste cyclable, cyclable, sens circulation",2,2024-05-26 12:00:00
49,"chien, chiens, animal, animale, animaux",4,2024-05-26 12:00:00
50,"grève, samsung, electronics, samsung electronics, syndicats",2,2024-05-26 12:00:00
51,"pape françois, italien, françois, vatican, insultant",2,2024-05-26 12:00:00
52,"kopecky, vollering, lotte kopecky, worx, wiebes",1,2024-05-26 12:00:00
54,"amnistie, pedro, loi amnistie, indépendantistes, catalans",3,2024-05-26 12:00:00
55,"cactus, cactus jérôme, cactus tous, vivacité télé, suivez cactus",3,2024-05-26 12:00:00
56,"lizzo, britney, bijoux, spears, britney spears",2,2024-05-26 12:00:00
57,"pfas, tfa, eau, résultats, ministre",5,2024-05-26 12:00:00
58,"taylor, swift, taylor swift, gaga, lady gaga",4,2024-05-26 12:00:00
59,"goffin, david goffin, david, zverev, roland garros",9,2024-05-26 12:00:00
-1,"cette, comme, ans, aussi, fait",179,2024-05-31 00:00:00
0,"parti, élections, droite, partis, politique",39,2024-05-31 00:00:00
1,"festival, musée, art, artistes, exposition",24,2024-05-31 00:00:00
2,"diables, euro, rouges, match, joueurs",16,2024-05-31 00:00:00
3,"dauphiné, étape, tour, remco evenepoel, critérium",25,2024-05-31 00:00:00
4,"ukraine, russie, russe, russes, ballons",18,2024-05-31 00:00:00
5,"album, rock, groupe, johnny, musique",15,2024-05-31 00:00:00
6,"film, pasteur, jolie, comme, mère",10,2024-05-31 00:00:00
7,"israël, hamas, guerre, cessez feu, palestiniens",19,2024-05-31 00:00:00
8,"jeu, jeux, pc, joueurs, vidéo",15,2024-05-31 00:00:00
9,"olympique, jeux, record, olympiques, jeux olympiques",10,2024-05-31 00:00:00
10,"garros, finale, djokovic, tournoi, mondial",35,2024-05-31 00:00:00
11,"prison, parquet, prison haren, détenus, police",7,2024-05-31 00:00:00
12,"alpine, perez, f1, esteban, red bull",2,2024-05-31 00:00:00
13,"chômage, emploi, allocations, travail, belgique",10,2024-05-31 00:00:00
14,"travaux, circulation, lourds, neckermann, passerelle",9,2024-05-31 00:00:00
15,"nuages, températures, pluie, ciel, précipitations",10,2024-05-31 00:00:00
16,"concours, elisabeth, violon, concours reine, dmytro",11,2024-05-31 00:00:00
17,"staline, table, repas, huile, recette",4,2024-05-31 00:00:00
18,"appartements, prix, balcons, commune, euros",5,2024-05-31 00:00:00
19,"maire, lanka, sri lanka, sri, pluies",2,2024-05-31 00:00:00
20,"excuses, stress, bien, peut, méditation",8,2024-05-31 00:00:00
21,"police, drogue, policiers, drogues, cocaïne",7,2024-05-31 00:00:00
22,"eurovision, joost, fawaz, suédoise, concours",2,2024-05-31 00:00:00
23,"école, élèves, classe, école dame, porteurs handicap",2,2024-05-31 00:00:00
24,"rallye, neuville, hyundai, sardaigne, wrc",11,2024-05-31 00:00:00
25,"madrid, courtois, real madrid, ancelotti, champions",13,2024-05-31 00:00:00
26,"sociaux, réseaux sociaux, réseaux, plateformes, australiens",2,2024-05-31 00:00:00
27,"oiseaux, femelle, pollens, pollen, miel",4,2024-05-31 00:00:00
28,"club, matches, bruges, nicky hayen, hayen",2,2024-05-31 00:00:00
29,"face cachée, lune, sonde, spatiale, étoiles",5,2024-05-31 00:00:00
30,"jardin, limaces, espèces, plantes, jardins",2,2024-05-31 00:00:00
31,"apple, iphone, android, google, mac",3,2024-05-31 00:00:00
32,"point eau, quatre millions, eau, millions euros, millions",3,2024-05-31 00:00:00
33,"paul auster, paul, dutronc, thomas dutronc, françoise hardy",2,2024-05-31 00:00:00
35,"symphonie, carl nielsen, table écoute, nielsen, table",1,2024-05-31 00:00:00
36,"aérienne, collision, entrés collision, deux appareils, patrouille",1,2024-05-31 00:00:00
38,"trump, donald trump, donald, procès, président",5,2024-05-31 00:00:00
40,"débarquement, normandie, guerre, day, bataille",9,2024-05-31 00:00:00
41,"club, partners, rouches, joueurs, çanak",2,2024-05-31 00:00:00
42,"inondations, après pluie, catastrophe, film, pluie",5,2024-05-31 00:00:00
43,"vagin, colère, femmes, clémence, sexuelles",3,2024-05-31 00:00:00
44,"the voice, voice, swim, sink, voice belgique",1,2024-05-31 00:00:00
45,"foie, poids, hydrique, perdre, santé",4,2024-05-31 00:00:00
46,"iran, nucléaire, ahmadinejad, houthis, israël",3,2024-05-31 00:00:00
47,"vélo, vélos, cyclistes, deux roues, mobilité",6,2024-05-31 00:00:00
49,"chiens, animaux, vétérinaire, chien, osier",2,2024-05-31 00:00:00
51,"roi, charles iii, beckham, david beckham, prince",2,2024-05-31 00:00:00
53,"hunter, trump, hunter biden, président, donald trump",2,2024-05-31 00:00:00
54,"rfef, renouvellement, prolongation, staff, espagne",1,2024-05-31 00:00:00
55,"cactus, agriculteurs, suivez cactus, télé replay, cactus tous",2,2024-05-31 00:00:00
56,"madonna, détresse émotionnelle, grave détresse, concert, émotionnelle",2,2024-05-31 00:00:00
57,"pfas, polluants, inox, eau, mora",3,2024-05-31 00:00:00
58,"swift, taylor swift, taylor, jonatan cerrada, reine pop",1,2024-05-31 00:00:00
-1,"cette, ouais, comme, être, aussi",211,2024-06-04 12:00:00
0,"parti, élections, mr, politique, parlement",108,2024-06-04 12:00:00
1,"festival, rue, artistes, juin, lieu",31,2024-06-04 12:00:00
2,"diables, euro, match, tedesco, diables rouges",45,2024-06-04 12:00:00
3,"dauphiné, étape, tour, remco evenepoel, roglic",46,2024-06-04 12:00:00
4,"ukraine, russie, russe, russes, ukrainien",35,2024-06-04 12:00:00
5,"album, groupe, rock, musique, single",26,2024-06-04 12:00:00
6,"film, ça, vie, livre, amour",30,2024-06-04 12:00:00
7,"israël, hamas, israélienne, guerre, bande gaza",35,2024-06-04 12:00:00
8,"jeu, jeux, vidéo, game, game boy",17,2024-06-04 12:00:00
9,"athlétisme, rome, record, jeux, paris",31,2024-06-04 12:00:00
10,"garros, finale, chelem, grand chelem, alcaraz",26,2024-06-04 12:00:00
11,"police, davin, enquête, jean jacques, meurtre",14,2024-06-04 12:00:00
12,"f1, course, grand prix, red bull, bull",19,2024-06-04 12:00:00
13,"riches, plus riches, euros, milliardaires, taux",12,2024-06-04 12:00:00
14,"vitesse, travaux, circulation, pont, infrabel",6,2024-06-04 12:00:00
15,"ciel, nuages, températures, nuageux, après midi",8,2024-06-04 12:00:00
16,"stéphanie huang, stéphanie, whoopi, sister act, sister",2,2024-06-04 12:00:00
17,"huile, asperges, mélanger, four, recette",8,2024-06-04 12:00:00
18,"grand poste, rénovation, parc, rénovation énergétique, quartier",3,2024-06-04 12:00:00
19,"soudan, rwanda, paramilitaires, morts, village",7,2024-06-04 12:00:00
20,"données, psychologue, cerveau, médicales, enfant",4,2024-06-04 12:00:00
21,"carcérale, stupéfiants, prisons, prisons belges, détenus",2,2024-06-04 12:00:00
22,"eurovision, expert, indépendant, controverses, concours",1,2024-06-04 12:00:00
23,"éducation, pakistan, filles, école, élèves",4,2024-06-04 12:00:00
25,"milan, club, thiago, juventus, entraîneur",3,2024-06-04 12:00:00
26,"intelligence artificielle, artificielle, plateformes, intelligence, imitation",7,2024-06-04 12:00:00
27,"poules, espèces, oiseaux, coraux, jardin",5,2024-06-04 12:00:00
28,"genk, jong genk, gardien, challenger pro, jong",1,2024-06-04 12:00:00
29,"vaisseau, spatiale, astronautes, fusée, vol",12,2024-06-04 12:00:00
30,"plantes, jardin, jardins, fleurs, flower",7,2024-06-04 12:00:00
31,"iphone, apple, smartphone, samsung, icloud",5,2024-06-04 12:00:00
32,"rivières, deauville, indonésie, ruelles, philippe",5,2024-06-04 12:00:00
33,"rsf, christophe deloire, journalisme, reporters sans, reporters",1,2024-06-04 12:00:00
35,"musique, jazz, dee dee, bridgewater, dee bridgewater",6,2024-06-04 12:00:00
36,"accords, aéroport, accord, accords bilatéraux, taxation",3,2024-06-04 12:00:00
37,"pompiers, incendie, sow, fumée, ousmane sow",6,2024-06-04 12:00:00
38,"trump, donald trump, donald, flynn, procès",6,2024-06-04 12:00:00
39,"dallas, points, celtics, rebonds, points rebonds",2,2024-06-04 12:00:00
40,"normandie, day, guerre, commémorations, plages",13,2024-06-04 12:00:00
41,"valve, team fortress, fortress, bots, joueurs",1,2024-06-04 12:00:00
42,"walga, inondations, pôle, après pluie, jeu vidéo",2,2024-06-04 12:00:00
43,"femmes, sans papiers, we trust, trust, papiers",3,2024-06-04 12:00:00
45,"chocolat, alimentaire, cacao, enfants, allergique",4,2024-06-04 12:00:00
46,"iran, nucléaire, résolution, conseil gouverneurs, ultraconservateur",3,2024-06-04 12:00:00
47,"cyclistes, prudence, bike, let it, vélo",2,2024-06-04 12:00:00
49,"chiens, vétérinaires, vocalisations, chien, chercheurs",2,2024-06-04 12:00:00
50,"grève, electronics, samsung electronics, samsung, syndicat",1,2024-06-04 12:00:00
51,"roi, kate, charles iii, middleton, roi charles",5,2024-06-04 12:00:00
52,"kopecky, tour grande, worx, grande bretagne, féminin",5,2024-06-04 12:00:00
53,"joe biden, trump, donald trump, démocrate, migrants",3,2024-06-04 12:00:00
55,"cactus, télé replay, cactus tous, matins 8h, vendredi radio",3,2024-06-04 12:00:00
58,"swift, taylor swift, grossesse, taylor, lady gaga",1,2024-06-04 12:00:00
60,"liste, voix liste, résultats, derrière liste, bureaux dépouillés",30,2024-06-04 12:00:00
-1,"cette, comme, être, fait, aussi",199,2024-06-09 00:00:00
0,"mr, parti, élections, partis, voix",151,2024-06-09 00:00:00
1,"festival, juin, musée, musique, artistes",33,2024-06-09 00:00:00
2,"euro, diables, match, diables rouges, rouges",43,2024-06-09 00:00:00
3,"tour, étape, tour france, course, france",16,2024-06-09 00:00:00
4,"ukraine, russe, russie, russes, guerre",42,2024-06-09 00:00:00
5,"album, rock, groupe, musique, instruments",22,2024-06-09 00:00:00
6,"film, rôle, histoire, roman, fille",18,2024-06-09 00:00:00
7,"gaza, israël, hamas, israélienne, guerre",22,2024-06-09 00:00:00
8,"jeu, jeux, vidéo, joueurs, games",23,2024-06-09 00:00:00
9,"jeux, athlétisme, 4x, médaille, olympiques",30,2024-06-09 00:00:00
10,"garros, roland garros, alcaraz, tournoi, bergs",12,2024-06-09 00:00:00
11,"meurtre, prison, deux, police, peine",17,2024-06-09 00:00:00
12,"vanthoor, course, wrt, bmw, f1",5,2024-06-09 00:00:00
13,"heures, emploi, chômage, taux, euros",10,2024-06-09 00:00:00
14,"travaux, pont, circulation, chantier, avenue",15,2024-06-09 00:00:00
15,"ciel, températures, nuages, temps, après midi",6,2024-06-09 00:00:00
16,"dmytro udovychenko, udovychenko, dmytro, concours, concerto",1,2024-06-09 00:00:00
17,"cookie, huile, meilleur, culinaire, recette",7,2024-06-09 00:00:00
18,"urbanisme, commune, projet, tiny, logement",5,2024-06-09 00:00:00
19,"rwanda, migrants, expulsés, haïti, être expulsés",5,2024-06-09 00:00:00
20,"bébé, syndrome, ovaires, être, santé",7,2024-06-09 00:00:00
21,"stupéfiants, police, cocaïne, trafic, drogue",9,2024-06-09 00:00:00
23,"élèves, école, enseignement, épreuves, professeurs",8,2024-06-09 00:00:00
25,"madrid, real madrid, entraîneur, ligue champions, champions",5,2024-06-09 00:00:00
26,"secret, intelligence, intelligence artificielle, artificielle, apple",3,2024-06-09 00:00:00
27,"abeille, chasse, baleine, abeilles, observés",3,2024-06-09 00:00:00
29,"orbite, spatial, spatiale, espace, astronautes",4,2024-06-09 00:00:00
30,"jardins, terre, plantes, mélin, pommes terre",4,2024-06-09 00:00:00
31,"apple, iphone, ipad, ios, intelligence",7,2024-06-09 00:00:00
32,"humm, expédition, eau, canoë, communes",3,2024-06-09 00:00:00
33,"françoise hardy, françoise, jodie, âge ans, années",6,2024-06-09 00:00:00
34,"copenhague, anderlecht, club danois, fc copenhague, club",1,2024-06-09 00:00:00
35,"mash up, mash, freestyler, tube années, you queen",1,2024-06-09 00:00:00
36,"aéroport, charleroi, aéroport charleroi, airport, brussels airport",3,2024-06-09 00:00:00
37,"incendie, pompiers, feu, fumée, bâtiment",6,2024-06-09 00:00:00
39,"dallas, points, celtics, match, mavericks",3,2024-06-09 00:00:00
40,"unesco, normandie, seventeen, débarquement, alliés",3,2024-06-09 00:00:00
41,"liège basket, club, liège, saison, sportif",1,2024-06-09 00:00:00
44,"disneyland paris, disneyland, the voice, voice, the",1,2024-06-09 00:00:00
45,"odeur, odeurs, sucre, verres, produits",5,2024-06-09 00:00:00
46,"navire, yémen, mer rouge, rebelles, iran",1,2024-06-09 00:00:00
47,"cartons, cartons jaunes, vélo, gang, vandals",2,2024-06-09 00:00:00
50,"grève, bus, mouvement grève, mouvement, matin",4,2024-06-09 00:00:00
51,"pape, prince, kate, princesse, vatican",4,2024-06-09 00:00:00
53,"hunter, hunter biden, trump, détention illégale, président",1,2024-06-09 00:00:00
54,"pedro, amnistie, sénat, trafic influence, enquête",4,2024-06-09 00:00:00
55,"cactus, cactus jérôme, matins 8h, humour suivez, vivacité télé",3,2024-06-09 00:00:00
56,"ariana, rihanna, madonna, boum, boy is",4,2024-06-09 00:00:00
57,"pfas, dossier, ring anvers, dossier pfas, accord",1,2024-06-09 00:00:00
58,"swift, taylor, taylor swift, fans, swifties",1,2024-06-09 00:00:00
59,"david goffin, double, gazon, atp double, tour",2,2024-06-09 00:00:00
-1,"cette, comme, tout, être, aussi",233,2024-06-13 12:00:00
0,"mr, élections, parti, droite, politique",51,2024-06-13 12:00:00
1,"festival, art, artistes, œuvres, exposition",41,2024-06-13 12:00:00
2,"euro, match, diables, but, face",123,2024-06-13 12:00:00
3,"tour, étape, tour france, france, giro",20,2024-06-13 12:00:00
4,"ukraine, russie, russe, corée, nord",30,2024-06-13 12:00:00
5,"album, groupe, rock, musique, single",25,2024-06-13 12:00:00
6,"film, mère, cinéma, actrice, cette",15,2024-06-13 12:00:00
7,"gaza, israël, hamas, guerre, bande gaza",17,2024-06-13 12:00:00
8,"jeu, joueurs, jeux, nintendo, jeux vidéo",13,2024-06-13 12:00:00
9,"jeux, olympiques, jeux olympiques, olympique, esport",8,2024-06-13 12:00:00
10,"murray, tournoi, double, garros, roland garros",7,2024-06-13 12:00:00
11,"police, homme, parquet, explosion, autocar",10,2024-06-13 12:00:00
12,"course, spa, endurance, pilote, grand prix",4,2024-06-13 12:00:00
13,"budget base, base zéro, zéro, euros, budget",11,2024-06-13 12:00:00
14,"avenue, circulation, travaux, bus, boulevard",12,2024-06-13 12:00:00
15,"températures, ciel, météo, nuages, temps",9,2024-06-13 12:00:00
17,"légumes, kebab, recette, broches, huile",4,2024-06-13 12:00:00
18,"celly, palais routes, routes soie, projet, promoteur",2,2024-06-13 12:00:00
19,"déplacés, haïti, violence gangs, somalie, gangs",2,2024-06-13 12:00:00
20,"santé, santé mentale, mentale, étude, dentaire",3,2024-06-13 12:00:00
21,"police, drogue, cocaïne, stupéfiants, séries policières",9,2024-06-13 12:00:00
23,"élèves, calculatrice, étudiants, juin, école",8,2024-06-13 12:00:00
25,"beerschot, nzita, charles ketelaere, ketelaere, atalanta",2,2024-06-13 12:00:00
26,"sociaux, réseaux sociaux, réseaux, instagram, profils",7,2024-06-13 12:00:00
27,"animaux, moutons, baleines, animal, faons",7,2024-06-13 12:00:00
28,"look fin, saint gilloise, union saint, gilloise, bruges",2,2024-06-13 12:00:00
29,"univers, télescope, lumière, big bang, galaxies",3,2024-06-13 12:00:00
30,"jardin, eau, oiseaux, plantes, plants",4,2024-06-13 12:00:00
31,"apple, iphone, ipad, applications, smartphone",6,2024-06-13 12:00:00
32,"tourisme, grèce, îles, comédienne laura, trois villas",3,2024-06-13 12:00:00
33,"jodie, jodie devos, devos, cancer, soprano",15,2024-06-13 12:00:00
35,"wolfgang, jazz, haydn, piano, musique",5,2024-06-13 12:00:00
36,"shanghai, brussels airport, airport, airlines, fois semaine",1,2024-06-13 12:00:00
37,"ascenseur, ascenseurs, pompiers, incendie, immeuble",2,2024-06-13 12:00:00
38,"trump, donald trump, donald, procès, verdict",1,2024-06-13 12:00:00
39,"boston, dallas, celtics, points, quart temps",3,2024-06-13 12:00:00
40,"gaulle, charles gaulle, charles, guerre, appel juin",2,2024-06-13 12:00:00
41,"standard, club, joueurs, liégeois, licences",2,2024-06-13 12:00:00
42,"inondations, eau, pompiers, inondées, boue",4,2024-06-13 12:00:00
43,"femmes, masculinistes, sexuelles, hommes, violences",3,2024-06-13 12:00:00
45,"nutri, nutri score, score, aliments, régime",2,2024-06-13 12:00:00
46,"houthis, rebelles, mer rouge, iran, yémen",2,2024-06-13 12:00:00
47,"vélo, cycliste, vélos, morning, namur",2,2024-06-13 12:00:00
49,"chien, chiens, troupeau, animal, patou",3,2024-06-13 12:00:00
50,"grève, agression, mouvement grève, hainaut occidental, personnel tec",1,2024-06-13 12:00:00
51,"pape, charles, prince, kate, princesse",4,2024-06-13 12:00:00
52,"vollering, demi vollering, km, étape, villars",2,2024-06-13 12:00:00
53,"trump, donald trump, débat, raciste, républicain",2,2024-06-13 12:00:00
55,"cactus, maille, télé, cactus tous, vivacité télé",1,2024-06-13 12:00:00
56,"katy, conor, mcgregor, katy perry, martin charlier",3,2024-06-13 12:00:00
58,"swift, taylor swift, taylor, concerts, tournée",1,2024-06-13 12:00:00
59,"goffin, ilkley, challenger ilkley, david goffin, challenger",1,2024-06-13 12:00:00
-1,"cette, tout, être, aussi, comme",209,2024-06-18 00:00:00
0,"parti, élections, politique, droite, parlement",52,2024-06-18 00:00:00
1,"festival, juin, rue, musique, artistes",49,2024-06-18 00:00:00
2,"euro, match, face, roumanie, diables rouges",90,2024-06-18 00:00:00
3,"tour, étape, tour france, km, france",19,2024-06-18 00:00:00
4,"ukraine, russie, russe, russes, guerre",21,2024-06-18 00:00:00
5,"album, rock, groupe, chanson, musique",24,2024-06-18 00:00:00
6,"film, cinéma, roman, animation, livre",12,2024-06-18 00:00:00
7,"gaza, israël, guerre, israélienne, liban",14,2024-06-18 00:00:00
8,"jeu, jeux, vidéo, joueurs, pc",18,2024-06-18 00:00:00
9,"jeux, olympiques, record, jeux olympiques, paris",11,2024-06-18 00:00:00
10,"tournoi, double, garros, tennis, chelem",8,2024-06-18 00:00:00
11,"parquet, deux, enquête, police, source",12,2024-06-18 00:00:00
12,"f1, norris, red bull, bull, red",14,2024-06-18 00:00:00
13,"déficit, dépenses, belgique, euros, commission",17,2024-06-18 00:00:00
14,"km heure, bus, heure, km, vitesse",3,2024-06-18 00:00:00
15,"ciel, temps, nuages, températures, après midi",13,2024-06-18 00:00:00
16,"concours, elisabeth, concours reine, concerto, violon",6,2024-06-18 00:00:00
17,"huile, olive, huile olive, colza, paniers",5,2024-06-18 00:00:00
18,"projet, site, hôpital, parc, carrière bois",4,2024-06-18 00:00:00
19,"rwanda, soudan, morts, pires crises, rebelles",3,2024-06-18 00:00:00
20,"méditation, yoga, enfant, sommeil, parents",5,2024-06-18 00:00:00
21,"police, zone, zone police, travail, accident travail",2,2024-06-18 00:00:00
23,"école, élèves, épreuves, écoles, année",9,2024-06-18 00:00:00
24,"rally2, ypres, rallye, hyundai, hyundai rally2",3,2024-06-18 00:00:00
25,"joueuse, meilleure joueuse, milan, red flame, tessa wullaert",1,2024-06-18 00:00:00
26,"intelligence artificielle, artificielle, intelligence, article, usage",3,2024-06-18 00:00:00
27,"miel, pigeons, miels, castor, grande surface",6,2024-06-18 00:00:00
28,"préliminaire europa, tour préliminaire, cercle, préliminaire, 2e tour",1,2024-06-18 00:00:00
29,"espace, glace, spatiale, débris, vaisseau",3,2024-06-18 00:00:00
30,"jardin, jean louis, fleurs, louis, floraison",3,2024-06-18 00:00:00
31,"apple, iphone, vision pro, vision, ipad",5,2024-06-18 00:00:00
32,"capri, île, eau, touristes, barcelone",6,2024-06-18 00:00:00
33,"jodie, jodie devos, gaume jazz, décédée, soprano",4,2024-06-18 00:00:00
35,"fabrizio, piano, fabrizio cassol, musique, pianiste",2,2024-06-18 00:00:00
36,"pilotes, aéroport, airport, électrique, compagnie",2,2024-06-18 00:00:00
37,"incendie, forêt, pompiers, feu forêt, île",1,2024-06-18 00:00:00
39,"boston, dallas, titre, draft, soudé",1,2024-06-18 00:00:00
41,"standard, club, joueurs, clubs, liégeois",2,2024-06-18 00:00:00
42,"eau, inondations, cours eau, boue, pluie",5,2024-06-18 00:00:00
43,"femmes, médecine, we trust, genre, trust",4,2024-06-18 00:00:00
45,"alimentation, offre commerciale, mètres, américains, distance",2,2024-06-18 00:00:00
47,"vélos, hydrogène, vélo, cyclistes, recharge",2,2024-06-18 00:00:00
49,"chien, animaux, animal, florent, chiens",3,2024-06-18 00:00:00
52,"kopecky, championne, lotte, lotte kopecky, championne belgique",2,2024-06-18 00:00:00
53,"trump, donald trump, dollars, crypto, biden donald",1,2024-06-18 00:00:00
55,"cactus, télé, télé replay, vivacité télé, cactus tous",2,2024-06-18 00:00:00
56,"perry, katy, katy perry, luke, kesha",3,2024-06-18 00:00:00
58,"taylor, swift, taylor swift, lily allen, album",2,2024-06-18 00:00:00
59,"david goffin, ilkley, challenger, challenger ilkley, gazon",5,2024-06-18 00:00:00
-1,"comme, ans, être, fait, aussi",264,2024-06-22 12:00:00
0,"parti, élections, partis, droite, mr",60,2024-06-22 12:00:00
1,"festival, art, rue, juin, musée",52,2024-06-22 12:00:00
2,"match, euro, équipe, rouges, diables rouges",108,2024-06-22 12:00:00
3,"tour, tour france, france, étape, équipe",46,2024-06-22 12:00:00
4,"ukraine, russe, russie, kiev, russes",22,2024-06-22 12:00:00
5,"album, rock, groupe, musique, chanson",27,2024-06-22 12:00:00
6,"film, roman, comme, livre, lola",24,2024-06-22 12:00:00
7,"gaza, israël, israélienne, hamas, guerre",11,2024-06-22 12:00:00
8,"jeu, jeux, vidéo, jeux vidéo, joueurs",26,2024-06-22 12:00:00
9,"jeux, paris, olympiques, olympique, jeux olympiques",13,2024-06-22 12:00:00
10,"tournoi, mondial, tour, grand chelem, chelem",7,2024-06-22 12:00:00
11,"police, victime, faits, enquête, nahel",14,2024-06-22 12:00:00
12,"f1, pilote, course, grand prix, norris",8,2024-06-22 12:00:00
13,"euros, emploi, belgique, travail, taux",20,2024-06-22 12:00:00
14,"bus, stib, circulation, chantier, nouveaux bus",10,2024-06-22 12:00:00
15,"températures, ciel, après midi, nuages, soleil",6,2024-06-22 12:00:00
17,"pâtisseries, cuisine, alimentation, ingrédients, alimentation durable",3,2024-06-22 12:00:00
18,"projet, chiroux, locataires, commune, site",7,2024-06-22 12:00:00
19,"nairobi, personnes, alcool, kényan, pays",7,2024-06-22 12:00:00
20,"maladie, symptômes, lombalgie, organes, randonnée",5,2024-06-22 12:00:00
21,"drogue, police, drogues, stupéfiants, cocaïne",8,2024-06-22 12:00:00
23,"étudiants, élèves, enseignement, école, scolaire",6,2024-06-22 12:00:00
24,"rallye, neuville, hyundai, pologne, rallye pologne",6,2024-06-22 12:00:00
25,"roma, ligue, ligue europa, rome, contrat",1,2024-06-22 12:00:00
26,"vidéos, artificielle, intelligence artificielle, intelligence, contenu",9,2024-06-22 12:00:00
27,"moustiques, larves, moustique, maladies, oiseaux",5,2024-06-22 12:00:00
29,"spatiale, télescope, station spatiale, station, spatiale internationale",5,2024-06-22 12:00:00
30,"plantes, jardins, fleurs, jardin, sol",6,2024-06-22 12:00:00
31,"apple, galaxy, iphone, samsung, intelligence",3,2024-06-22 12:00:00
32,"mai septembre, plan eau, septembre, eau, rivière",4,2024-06-22 12:00:00
33,"crahay, wallon, décédé, entreprise, économique",1,2024-06-22 12:00:00
34,"anderlecht, gillet, hazard, commune anderlecht, guillaume gillet",3,2024-06-22 12:00:00
35,"jacques pelzer, jazz, van beethoven, ludwig van, piano",2,2024-06-22 12:00:00
36,"brussels airlines, airlines, passagers, aéroport, million passagers",5,2024-06-22 12:00:00
37,"incendie, pompiers, tour kennedy, kennedy, secours",14,2024-06-22 12:00:00
39,"mitchell, sarr, draft, toumani camara, toumani",2,2024-06-22 12:00:00
40,"brocante, brocante quais, sardou, ambiance, charleroi",1,2024-06-22 12:00:00
41,"club, union, joueurs, jumatt, supporters",2,2024-06-22 12:00:00
42,"portées disparues, inondations, portées, personnes, parlait plus",2,2024-06-22 12:00:00
43,"femmes, hommes, gay, sexuelle, violences",2,2024-06-22 12:00:00
44,"demain appartient, appartient, nouvelle famille, nouveaux personnages, demain",1,2024-06-22 12:00:00
45,"potassium, excès sel, excès, sodium, artérielle",1,2024-06-22 12:00:00
49,"chiens, animal, chien, animaux, chiens chats",2,2024-06-22 12:00:00
50,"grève, adp, syndicats, aéroports, groupe adp",1,2024-06-22 12:00:00
51,"pape, église, grand duc, abus sexuels, sexuels",2,2024-06-22 12:00:00
52,"kopecky, cant, lotte kopecky, ghekiere, championne",2,2024-06-22 12:00:00
53,"joe biden, trump, donald trump, président, démocrate",2,2024-06-22 12:00:00
54,"arce, coup etat, démocratie, général, tentative coup",2,2024-06-22 12:00:00
55,"cactus, roi philippe, suivez cactus, humour suivez, vivacité télé",1,2024-06-22 12:00:00
56,"katy, katy perry, chanteuse, world, sublime",1,2024-06-22 12:00:00
57,"pfas, eau, résultats, biomonitoring, pollution",8,2024-06-22 12:00:00
58,"taylor swift, peter gabriel, taylor, mccartney, gabriel",1,2024-06-22 12:00:00
59,"goffin, david goffin, break, qualifications, david",3,2024-06-22 12:00:00
-1,"cette, comme, fait, aussi, tout",165,2024-06-27 00:00:00
0,"parti, élections, président, politique, législatives",36,2024-06-27 00:00:00
1,"exposants, festival, juillet, rue, dimanche",42,2024-06-27 00:00:00
2,"euro, match, france, finale, équipe",66,2024-06-27 00:00:00
3,"tour, étape, tour france, france, coureurs",50,2024-06-27 00:00:00
4,"ukraine, russe, russie, russes, corée",24,2024-06-27 00:00:00
5,"rock, album, rock roll, roll, the",20,2024-06-27 00:00:00
6,"film, good doctor, famille, vie, good",10,2024-06-27 00:00:00
7,"israël, hamas, armée, israélienne, bande gaza",6,2024-06-27 00:00:00
8,"jeu, jeux, vidéo, ubisoft, games",12,2024-06-27 00:00:00
9,"olympiques, jeux, jeux olympiques, olympique, record",15,2024-06-27 00:00:00
10,"wimbledon, tour, garros, roland garros, premier tour",9,2024-06-27 00:00:00
11,"enquête, faits, enquêteurs, police, policier",11,2024-06-27 00:00:00
12,"f1, max, max verstappen, course sprint, sprint",18,2024-06-27 00:00:00
13,"déchets, papier, impôts, poubelles, fiscale",3,2024-06-27 00:00:00
14,"camion, navetteurs, infrabel, sncb, heure",3,2024-06-27 00:00:00
15,"ciel, températures, nuages, après midi, degrés",9,2024-06-27 00:00:00
16,"joshua brown, musiq3, concours, violoniste, festival musiq3",1,2024-06-27 00:00:00
17,"pâtes, projet, maison, farine, restaurant",4,2024-06-27 00:00:00
18,"place manège, marché, barcelone, maraîchers, locations",3,2024-06-27 00:00:00
19,"manifestants, rwanda, loi finances, personnes, pays",4,2024-06-27 00:00:00
20,"femmes, cancer, femmes afro, afro descendantes, patients",2,2024-06-27 00:00:00
23,"école, pénurie, bible, personnel soignant, linguistique",5,2024-06-27 00:00:00
24,"neuville, rallye, hyundai, pologne, wrc",17,2024-06-27 00:00:00
25,"roberto zerbi, nouvel entraîneur, entraîneur, roberto, club",1,2024-06-27 00:00:00
26,"influenceurs, langues, commentaires, google, google traduction",3,2024-06-27 00:00:00
27,"poulailler, poules, sous marin, prédateurs, us navy",2,2024-06-27 00:00:00
29,"fusée, météorites, planète, sonde, cratères",2,2024-06-27 00:00:00
30,"fruits, jardin, fruitiers, plantes, feuilles",5,2024-06-27 00:00:00
31,"apple, airpods, utilisateurs, smartphone, apple pay",3,2024-06-27 00:00:00
32,"malaga, éthiopie, philippe, tourisme, piscine",6,2024-06-27 00:00:00
33,"mourad, décédé, marseille, âge ans, brando",3,2024-06-27 00:00:00
34,"préparation, match préparation, période, match, première période",1,2024-06-27 00:00:00
35,"jazz, pelzer, jacques pelzer, pommelien thijs, jazz liège",2,2024-06-27 00:00:00
36,"aéroport, aéroport charleroi, aéroports, avion, aérien",1,2024-06-27 00:00:00
37,"incendie, pompiers, grèce, incendies, athènes",3,2024-06-27 00:00:00
38,"trump, donald trump, immunité, prison, procès",2,2024-06-27 00:00:00
39,"lebron james, lebron, lakers, année contrat, dernière année",2,2024-06-27 00:00:00
40,"maastricht, station, sismique, canons, soldats",1,2024-06-27 00:00:00
41,"sponsor, standard, saison, rachat standard, pelouse genk",1,2024-06-27 00:00:00
43,"femmes, violence, mexique, genre, envers femmes",2,2024-06-27 00:00:00
44,"alexi, sandrine alexi, the voice, voice, émission",1,2024-06-27 00:00:00
45,"crème solaire, crème, solaire, soleil, potentiellement liés",2,2024-06-27 00:00:00
46,"iran, pezeshkian, nucléaire, islamique, israël",5,2024-06-27 00:00:00
47,"vélo, vélos, vérifier, risque vol, cas vol",2,2024-06-27 00:00:00
49,"animal, chien, animaux, vétérinaire, chiens",2,2024-06-27 00:00:00
50,"grève, rédaction, acquéreur, pierre edouard, voté",1,2024-06-27 00:00:00
51,"prince harry, harry, prince, décès, parle",1,2024-06-27 00:00:00
53,"trump, donald trump, donald, démocrate, débat",6,2024-06-27 00:00:00
54,"milei, président, pedro, bolivie, argentine",4,2024-06-27 00:00:00
55,"casser voix, si soir, voix, soir, cactus",1,2024-06-27 00:00:00
56,"bête, patti smith, lopez, lana del, del rey",3,2024-06-27 00:00:00
57,"pfas, tellier, céline tellier, ministre, environnement",3,2024-06-27 00:00:00
-1,"cette, comme, tout, fait, être",288,2024-07-01 12:00:00
0,"élections, politique, gouvernement, extrême droite, partis",67,2024-07-01 12:00:00
1,"festival, juillet, rue, artistes, rendez",57,2024-07-01 12:00:00
2,"euro, diables, match, finale, france",45,2024-07-01 12:00:00
3,"étape, tour, tour france, pogacar, france",62,2024-07-01 12:00:00
4,"ukraine, russie, russe, orban, russes",25,2024-07-01 12:00:00
5,"album, groupe, rock, musique, années",27,2024-07-01 12:00:00
6,"film, huis, huis clos, clos, films",21,2024-07-01 12:00:00
7,"israël, gaza, israélienne, hamas, guerre",9,2024-07-01 12:00:00
8,"jeu, jeux, vidéo, jeu vidéo, jeux vidéo",19,2024-07-01 12:00:00
9,"paris, olympiques, jeux, jeux olympiques, athlètes",16,2024-07-01 12:00:00
10,"wimbledon, tour, double, garros, roland garros",19,2024-07-01 12:00:00
11,"police, parquet, lucia, suspect, python",11,2024-07-01 12:00:00
12,"f1, norris, grand prix, gp, pilote",16,2024-07-01 12:00:00
13,"emploi, métiers, euros, travail, chercheurs emploi",17,2024-07-01 12:00:00
14,"train, sncb, circulation, trains, trajet",5,2024-07-01 12:00:00
15,"ciel, nuages, ouest, après midi, températures",10,2024-07-01 12:00:00
17,"pâte, pizza, asperges, aubergines, huile",8,2024-07-01 12:00:00
18,"projet, parc, camping, quartier, logements",6,2024-07-01 12:00:00
19,"rwanda, personnes, soudan, morts, nairobi",6,2024-07-01 12:00:00
20,"neurones, plus, d1, d2, dopamine",8,2024-07-01 12:00:00
21,"cocaïne, europol, drogue, trafic, police",3,2024-07-01 12:00:00
22,"eurovision, concours, finale, concours eurovision, malmö",2,2024-07-01 12:00:00
23,"enseignants, élèves, école, enseignement, année",8,2024-07-01 12:00:00
25,"club, sporting, deila, debast, championnat",2,2024-07-01 12:00:00
26,"intelligence, intelligence artificielle, artificielle, chatgpt, sociaux",8,2024-07-01 12:00:00
27,"tortues, planète, plantes, croûtes, malaisie",2,2024-07-01 12:00:00
28,"buts, bruges, tzolis, christos tzolis, graz",2,2024-07-01 12:00:00
29,"télescope, étoiles, univers, spatial, big bang",4,2024-07-01 12:00:00
30,"jardin, plantes, forêt, jardins, forêt comestible",3,2024-07-01 12:00:00
31,"apple, iphone, android, smartphone, google",6,2024-07-01 12:00:00
32,"château, canal, catalane, visiteurs, eau",4,2024-07-01 12:00:00
33,"dumas, robert, meilleur scénario, françois mitterrand, mitterrand",2,2024-07-01 12:00:00
34,"anderlecht, clos, sporting, défenseurs, match",3,2024-07-01 12:00:00
35,"musique, orchestre, lecuona, jazz, pianiste",4,2024-07-01 12:00:00
36,"aéroport, passagers, catane, vols, cendres",3,2024-07-01 12:00:00
37,"incendie, résidents, pompiers, phasage, plan",2,2024-07-01 12:00:00
38,"trump, donald trump, prononcé peine, comptables, new yorkaise",1,2024-07-01 12:00:00
39,"lebron, james, lebron james, bronny, lakers",2,2024-07-01 12:00:00
42,"inondations, saint etienne, maggia, etienne, vallées",2,2024-07-01 12:00:00
43,"femmes, plaintes, sexualité, déposées, sexuelles",8,2024-07-01 12:00:00
44,"prénoms, prénom, sophie marceau, the voice, voice",2,2024-07-01 12:00:00
45,"gluten, produits, alimentation, peau, sans gluten",3,2024-07-01 12:00:00
46,"pezeshkian, iran, réformateur, massoud, massoud pezeshkian",2,2024-07-01 12:00:00
47,"vélo, vélos, location, cyclistes, assistance électrique",3,2024-07-01 12:00:00
48,"hag, ten hag, erik, manchester, manchester united",1,2024-07-01 12:00:00
49,"chiot, comportement, puppy, souris, chien",3,2024-07-01 12:00:00
51,"pape, pape françois, carlos acutis, roi, visite",4,2024-07-01 12:00:00
52,"ambition classement, succès étape, giro, classement final, gagner étape",1,2024-07-01 12:00:00
53,"joe biden, trump, donald trump, donald, démocrate",7,2024-07-01 12:00:00
54,"amnistier, washington, pedro, venezuela, catalan",3,2024-07-01 12:00:00
55,"cactus, moque, kiki, télé replay, cactus tous",2,2024-07-01 12:00:00
56,"kesha, connes, ariana, ariana grande, chanteuse",3,2024-07-01 12:00:00
57,"pfas, eau, population, citoyens, eau distribution",3,2024-07-01 12:00:00
58,"swift, taylor swift, taylor, chanteuse, trump",1,2024-07-01 12:00:00
59,"goffin, david goffin, machac, david, break",3,2024-07-01 12:00:00
60,"liste, cartel, open vld, voix liste, liste cartel",1,2024-07-01 12:00:00
-1,"cette, comme, tout, être, aussi",191,2024-07-06 00:00:00
0,"élections, gouvernement, gauche, politique, droite",46,2024-07-06 00:00:00
1,"festival, juillet, musique, marche, art",37,2024-07-06 00:00:00
2,"euro, espagne, finale, france, but",33,2024-07-06 00:00:00
3,"étape, tour, tour france, pogacar, vingegaard",51,2024-07-06 00:00:00
4,"ukraine, russie, russe, russes, kiev",30,2024-07-06 00:00:00
5,"rock, album, rock roll, roll, avril lavigne",8,2024-07-06 00:00:00
6,"film, autiste, jones, actrice, reese",13,2024-07-06 00:00:00
7,"gaza, hamas, israël, israélienne, guerre",10,2024-07-06 00:00:00
8,"jeu, jeux, vidéo, jeu vidéo, jeux vidéo",17,2024-07-06 00:00:00
9,"jeux, olympiques, jeux olympiques, olympique, athlètes",20,2024-07-06 00:00:00
10,"wimbledon, double, djokovic, finale, tournoi",12,2024-07-06 00:00:00
11,"police, retrouvé, homme, enquête, victime",12,2024-07-06 00:00:00
12,"f1, hamilton, lewis, grand prix, pilote",9,2024-07-06 00:00:00
13,"espérance vie, espérance, salaires, vie naissance, euros",6,2024-07-06 00:00:00
14,"circulation, sncb, tunnel, bus, voies",10,2024-07-06 00:00:00
15,"ciel, après midi, températures, temps, nuages",10,2024-07-06 00:00:00
17,"baptiste, dessert, dordogne, nouvelle aquitaine, aquitaine",1,2024-07-06 00:00:00
18,"projet, ouverture voirie, quartier, commune, promoteurs",3,2024-07-06 00:00:00
19,"rwandais, salaire, pays, armée, royaume uni",3,2024-07-06 00:00:00
20,"gratitude, santé, patients, médicale, estomac",4,2024-07-06 00:00:00
21,"cocaïne, drogues, saisies, police, stupéfiants",2,2024-07-06 00:00:00
23,"étudiants, classe, élèves, école, examens",3,2024-07-06 00:00:00
25,"origi, partie plans, milan, plans, divock",1,2024-07-06 00:00:00
26,"données, intelligence artificielle, artificielle, serveurs, intelligence",3,2024-07-06 00:00:00
27,"espèce, moustique tigre, cactus, moustique, tigre",3,2024-07-06 00:00:00
28,"pocognoli, sébastien pocognoli, sébastien, saint gilloise, union saint",2,2024-07-06 00:00:00
29,"ariane, fusée, orbite, satellites, spatial",7,2024-07-06 00:00:00
30,"fleurs, variétés, jardin, jardins, plante",2,2024-07-06 00:00:00
31,"galaxy, samsung, ring, connectée, bague",1,2024-07-06 00:00:00
32,"mer, françois, fleuve, voyage, ville",3,2024-07-06 00:00:00
33,"benito, décédé, jon, avatar, âge ans",3,2024-07-06 00:00:00
35,"rammstein, héloïse, pianistes, classique, yolande",1,2024-07-06 00:00:00
36,"aéroport, bagages, valeurs, taxis volants, airport",3,2024-07-06 00:00:00
37,"pompiers, incendie, grèce, péloponnèse, interventions",2,2024-07-06 00:00:00
39,"nba, mitchell, summer, points, débuts",1,2024-07-06 00:00:00
40,"navires, louise marie, résistants, frégate, mission",2,2024-07-06 00:00:00
42,"inondations, voûte, trois ans, coppens, eau",4,2024-07-06 00:00:00
43,"sida, ex aequo, association, ex, gay",2,2024-07-06 00:00:00
45,"alcool, sans alcool, bières, sucre, bière",2,2024-07-06 00:00:00
49,"pumas, animaux, wildlife, californie, los angeles",1,2024-07-06 00:00:00
50,"grève, personnel, cpas, syndicats, grève jeudi",2,2024-07-06 00:00:00
52,"kopecky, étape, borghini, longo borghini, tour italie",5,2024-07-06 00:00:00
53,"joe biden, trump, démocrate, président, donald trump",4,2024-07-06 00:00:00
54,"loi amnistie, amnistie, délit, terrorisme, espagnol",1,2024-07-06 00:00:00
55,"cactus, matins 8h, vendredi radio, vivacité télé, suivez cactus",3,2024-07-06 00:00:00
56,"elia rose, elia, rose, help falling, can help",1,2024-07-06 00:00:00
58,"swift, taylor swift, taylor, fans, pop",1,2024-07-06 00:00:00
-1,"cette, ans, comme, tout, être",205,2024-07-10 12:00:00
0,"mr, gouvernement, wallonie, ministre, fédération",64,2024-07-10 12:00:00
1,"festival, rue, scène, festivaliers, art",31,2024-07-10 12:00:00
2,"euro, espagne, angleterre, finale, match",30,2024-07-10 12:00:00
3,"étape, tour, tour france, pogacar, vingegaard",68,2024-07-10 12:00:00
4,"ukraine, russie, russe, sommet, russes",19,2024-07-10 12:00:00
5,"album, rory, groupe, live, stay",15,2024-07-10 12:00:00
6,"film, muriel robin, muriel, fille, robin",11,2024-07-10 12:00:00
7,"gaza, israël, hamas, israélienne, bande gaza",15,2024-07-10 12:00:00
8,"jeu, jeux, vidéo, xbox, games",10,2024-07-10 12:00:00
9,"jeux, olympiques, jeux olympiques, olympique, record",16,2024-07-10 12:00:00
10,"djokovic, finale, chelem, grand chelem, alcaraz",20,2024-07-10 12:00:00
11,"balles, police, enquête, baldwin, procès",12,2024-07-10 12:00:00
12,"grand prix, sao paulo, paulo, saison, f1",6,2024-07-10 12:00:00
13,"milliards, euros, milliards euros, autoroutes, déchets",11,2024-07-10 12:00:00
14,"tram, pont, bus, travaux, chantier",11,2024-07-10 12:00:00
15,"nuages, ciel, après midi, températures, maxima",10,2024-07-10 12:00:00
17,"salade, huile, soupe, recette, beurre",5,2024-07-10 12:00:00
18,"relais social, logement, logements, personne seule, appartements",3,2024-07-10 12:00:00
19,"rwanda, rwandais, génocide, paul, onu",10,2024-07-10 12:00:00
20,"hygiène, dépression, astéréotypie, textes, peut",3,2024-07-10 12:00:00
23,"enseignement, école, scolaire, casier judiciaire, casier",3,2024-07-10 12:00:00
24,"wrc, rallye, rallyes, lettonie, championnat",1,2024-07-10 12:00:00
25,"palhinha, milieu terrain, milieu, sixième, bayern",2,2024-07-10 12:00:00
26,"japan, culture japonaise, numérique, japonaise, culture",2,2024-07-10 12:00:00
27,"espèce, cuba, plage, petit oiseau, baleines",3,2024-07-10 12:00:00
28,"nilsson, union, aït el, aït, hadj",2,2024-07-10 12:00:00
29,"satellites, orbite, astronautes, vaisseau, satellite",3,2024-07-10 12:00:00
30,"jardin, fleurs, plantes, feuilles, jardins",6,2024-07-10 12:00:00
31,"smartphone, apple, écrans, android, temps écran",1,2024-07-10 12:00:00
32,"plage, pompéi, lagune, olivier marchal, plages",4,2024-07-10 12:00:00
33,"doherty, âge ans, charmed, âge, décédée",8,2024-07-10 12:00:00
35,"orchestre, instruments, musique, cet orchestre, beethoven",1,2024-07-10 12:00:00
36,"aéroport, aérien, passagers, airport, transport aérien",4,2024-07-10 12:00:00
37,"incendie, cathédrale, pompiers, kennedy, immeuble",3,2024-07-10 12:00:00
38,"trump, donald trump, président, tentative assassinat, assassinat",16,2024-07-10 12:00:00
40,"attentat, mohamed lahouaiej, lahouaiej, lahouaiej bouhlel, bouhlel",1,2024-07-10 12:00:00
41,"balikwisha, contrat, standard, william balikwisha, joueur",1,2024-07-10 12:00:00
42,"inondations, eau, trois ans, inondation, immobilier",6,2024-07-10 12:00:00
43,"femmes, sophie rohonyi, rohonyi, actualité, agression",1,2024-07-10 12:00:00
45,"camions citernes, carburant, alimentaire, camions, huile",1,2024-07-10 12:00:00
47,"vélo, vélos, cyclistes, cycle, mobilité",5,2024-07-10 12:00:00
48,"onana, devrait, aston villa, aston, villa",1,2024-07-10 12:00:00
49,"chien, animal, animaux, chiens, chats",3,2024-07-10 12:00:00
50,"haek, syndicats, jannie haek, grève, loterie nationale",1,2024-07-10 12:00:00
51,"palais, famille royale, buckingham, princesse, balcon",2,2024-07-10 12:00:00
52,"kopecky, borghini, longo, longo borghini, étape",6,2024-07-10 12:00:00
53,"trump, président, donald trump, démocrate, républicain",7,2024-07-10 12:00:00
54,"cinq régions, régions, répartition, mineurs étrangers, accords",1,2024-07-10 12:00:00
55,"kiki, cactus, kiki innocent, autres sports, cactus tous",1,2024-07-10 12:00:00
56,"boire eau, boire, julia fox, katy, katy perry",4,2024-07-10 12:00:00
57,"pfas, poêles, pfoa, santé, poêle",1,2024-07-10 12:00:00
58,"swift, taylor swift, taylor, fans, chanteuse",2,2024-07-10 12:00:00
